date	src	dst	reason
2026-10-03	02_draft/20261003_01/09_draft-final.md	_archive/20261003_111716_463652_post-audit_261405/02_draft/20261003_01/09_draft-final.md	copy before post-audit edit (file kept in place)
2026-10-03	book-toc.md	_archive/20261003_111716_463652_post-audit_261405/book-toc.md	copy before post-audit edit (file kept in place)
2026-10-03	01_test/20261003_01/book-toc.snapshot.md	_archive/20261003_111716_463652_post-audit_261405/01_test/20261003_01/book-toc.snapshot.md	copy before post-audit edit (file kept in place)
2026-10-03	03_output/20261003_01/final.docx	_archive/20261003_111716_463652_post-audit_261405/03_output/20261003_01/final.docx	copy before post-audit edit (file kept in place)
2026-10-03	03_output/20261003_01/ebook.html	_archive/20261003_111716_463652_post-audit_261405/03_output/20261003_01/ebook.html	copy before post-audit edit (file kept in place)
2026-10-03	03_output/20261003_01/metadata.md	_archive/20261003_111716_463652_post-audit_261405/03_output/20261003_01/metadata.md	copy before post-audit edit (file kept in place)
2026-10-03	03_output/20261003_01/final.docx	_archive/20261003_111716_514951_post-audit_261405/03_output/20261003_01/final.docx	copy before post-audit republish (file kept in place)
2026-10-03	03_output/20261003_01/ebook.html	_archive/20261003_111716_514951_post-audit_261405/03_output/20261003_01/ebook.html	copy before post-audit republish (file kept in place)
2026-10-03	03_output/20261003_01/metadata.md	_archive/20261003_111716_514951_post-audit_261405/03_output/20261003_01/metadata.md	copy before post-audit republish (file kept in place)
2026-10-03	03_output/20261003_01/validate_report.txt	_archive/20261003_111716_514951_post-audit_261405/03_output/20261003_01/validate_report.txt	copy before post-audit republish (file kept in place)
2026-10-03	02_draft/20261003_01/09_draft-final.md	_archive/20261003_111716_514951_post-audit_261405/02_draft/20261003_01/09_draft-final.md	locked manuscript at post-audit republish (file kept in place)
